{"x":[10,10.898414799852864,11.877544514965196,12.94464069278079,14.10760637049798,15.375054605873373,16.756372266519634,18.261789550128174,19.90245575049152,21.690521830457364,23.639230413358806,25.76301385940817,28.077601153418847,30.60013439547858,33.349295757317044,36.345445844621445,39.61077449002731,43.1694650935748,47.04787372775472,51.27472433361708,55.88132145358682,60.9017820765106,66.37328831200574,72.33636276544641,78.83516865304672,85.91783687972607,93.63682250213513,102.04929321684646,111.21755275090047,121.2095022903831,132.09914336443103,143.96712590907995,156.90134556997987,170.9975946676698,186.36027164653729,203.10315426172212,221.35024223027528,241.236675587345,262.9097355488424,286.5299352930905,312.2722087399103,340.32720613137826,370.9027060094788,404.2251540479182,440.5413401348638,480.12022612728117,523.2549378134262,570.2649358361938,621.4983816554321,677.3347160718163,738.1874694091216,804.5073241674309,876.7854528296359,955.5571555414195,1041.4058246057918,1134.9672651536732,1236.934403989933,1348.0624214891059,1469.174344548237,1601.167142018863,1745.0183677616499,1901.7934005228644,2072.65333425209,2258.8635772977354,2461.803224167024,2682.975269258741,2924.017738212867,3186.715819317142,3473.0150848171174,3785.035900048314,4125.089127106094,4495.69323935652,4899.592973540155,5339.779657608516,5819.5133648433875,6342.347058335075,6912.152904636223,7533.150951473342,8209.940381906272,8947.533576407703,9751.39323513021,10627.472835292834,11582.260723318965,12622.828168277389,13756.881732515385,14992.820347347111,16339.797516506316,17807.789108049143,19407.667236782174,21151.280784396626,23051.54315365116,25122.527906519863,27379.572994613256,29839.394353814478,32520.20970442582,35441.873473703294,38626.02384003212,42096.242987767546,45878.23175960879,49999.99999999999],"y":[-25.067505938605592,-24.32109931371185,-23.574849959672353,-22.82879099760331,-22.082964497979706,-21.337415403557433,-20.592167440240384,-19.847318736170408,-19.10291206099253,-18.359043671594627,-17.61581670021323,-16.87334646842762,-16.131772720637347,-15.391272939702025,-14.652043095761556,-13.914319543586188,-13.178393233550045,-12.444588563098979,-11.713314159387348,-10.985036157631,-10.260325657944625,-9.539847734442588,-8.82439308341762,-8.114906923017308,-7.412503170149318,-6.71850751425052,-6.034501541814288,-5.362337477488557,-4.704218732898973,-4.062765052025536,-3.4410625369437837,-2.842757631240773,-2.2721371975695375,-1.7342297604582337,-1.2348981337039968,-0.7809231150482178,-0.3800313849515501,-0.040871208769908414,0.22723685824544304,0.4148653801717706,0.5137119508575655,0.5188613189810792,0.43278285548333095,0.2713322913755407,0.0705644168340487,-0.11133470625084026,-0.20823620376116464,-0.1825704999154456,-0.06198296569533908,0.06602872877140326,0.10981259452856539,0.04372969849981205,-0.05444439206634574,-0.0653035794157214,0.01263197668539614,0.04260009999210213,-0.019307633244850287,-0.03009444903800771,0.022237099926707606,-0.008395841207830336,-0.014154013887921382,0.011162021409520027,-0.01774699084298962,0.008202764787322667,-0.012830777459005675,0.0008070303371235474,-0.001365386880869617,-0.009836953674224644,-0.004265251646967756,0.00015555315420441335,-0.0008252795667007674,-0.0003588838453458482,-0.0016435238235013897,-0.0046875118812295625,-0.005086753385133223,-0.002137733381244157,-0.004521158526220905,-0.0028928179503810523,-0.0020348357374908674,-0.0028432096447566315,-0.005198003331383257,-0.00578992681995719,-0.0009425807767985806,-0.006436310626719024,-0.010493061537986308,0.023652732493745124,-0.909604845867851,-0.29840951043393893,-1.2596477516354918,0.8846906363200985,-1.5006496848290642,0.5934458776706986,1.4014181495665612,1.4701528538302293,1.5403510553059985,-1.1298186612453227,-2.1114632445460018,0.5714595738180143,0.2822155388295793,-0.2894009365493658]}