{"x":[10,10.898414799852864,11.877544514965196,12.94464069278079,14.10760637049798,15.375054605873373,16.756372266519634,18.261789550128174,19.90245575049152,21.690521830457364,23.639230413358806,25.76301385940817,28.077601153418847,30.60013439547858,33.349295757317044,36.345445844621445,39.61077449002731,43.1694650935748,47.04787372775472,51.27472433361708,55.88132145358682,60.9017820765106,66.37328831200574,72.33636276544641,78.83516865304672,85.91783687972607,93.63682250213513,102.04929321684646,111.21755275090047,121.2095022903831,132.09914336443103,143.96712590907995,156.90134556997987,170.9975946676698,186.36027164653729,203.10315426172212,221.35024223027528,241.236675587345,262.9097355488424,286.5299352930905,312.2722087399103,340.32720613137826,370.9027060094788,404.2251540479182,440.5413401348638,480.12022612728117,523.2549378134262,570.2649358361938,621.4983816554321,677.3347160718163,738.1874694091216,804.5073241674309,876.7854528296359,955.5571555414195,1041.4058246057918,1134.9672651536732,1236.934403989933,1348.0624214891059,1469.174344548237,1601.167142018863,1745.0183677616499,1901.7934005228644,2072.65333425209,2258.8635772977354,2461.803224167024,2682.975269258741,2924.017738212867,3186.715819317142,3473.0150848171174,3785.035900048314,4125.089127106094,4495.69323935652,4899.592973540155,5339.779657608516,5819.5133648433875,6342.347058335075,6912.152904636223,7533.150951473342,8209.940381906272,8947.533576407703,9751.39323513021,10627.472835292834,11582.260723318965,12622.828168277389,13756.881732515385,14992.820347347111,16339.797516506316,17807.789108049143,19407.667236782174,21151.280784396626,23051.54315365116,25122.527906519863,27379.572994613256,29839.394353814478,32520.20970442582,35441.873473703294,38626.02384003212,42096.242987767546,45878.23175960879,49999.99999999999],"y":[-25.067360857645067,-24.320952981762034,-23.574706355830198,-22.82865123148223,-22.082823574633885,-21.33726609555772,-20.59202950163681,-19.847174038666527,-19.10277128062451,-18.35890618120547,-17.61567967704871,-16.873211643311667,-16.131644478398094,-15.391147220488335,-14.651920732253688,-13.914203487383014,-13.178278675419545,-12.444482665845587,-11.713214813022553,-10.984949336204304,-10.260249340551443,-9.53978325798946,-8.824344642011448,-8.114875384976093,-7.412493065578599,-6.718523558263724,-6.034539432550274,-5.362404406343341,-4.7043265527553855,-4.062918907671966,-3.441269825025652,-2.843023533571901,-2.272468370715532,-1.7346316803681319,-1.2353742243237866,-0.7814711576265264,-0.3806533553656615,-0.04155583296840189,0.22651227291679282,0.4141451945111346,0.5130545062138826,0.5183528559414462,0.4325290564058044,0.27142941318444763,0.07101807577698237,-0.11070649247167177,-0.20786680398568863,-0.18297141806960973,-0.06331857174522293,0.0643088005062194,0.10888583702855797,0.044572231611389485,-0.052631945128604044,-0.0654139510271581,0.00961493867553634,0.0413430356455671,-0.014966065421559916,-0.028220099613240096,0.01674619885919074,-0.006289266790279633,-0.013121551830828098,0.0037876227139737135,-0.006293061226112272,-0.0070123476125973595,0.005811589878016181,-0.023304629462534147,0.022766117876576033,-0.013426599555185994,-0.052411144449571775,0.041865222907905564,0.08936301426888008,0.07672406798014024,0.048785033671122364,0.09708469296368287,0.1693251368071908,0.11231781831606402,-0.006958373474377574,-0.21755048998782844,0.3523147630115945,-0.43427398156931063,0.6920575562991836,-0.6634432408599131,-0.9736963876302002,0.21135070230304423,1.3678601584065608,-0.007495175574123397,-0.982783244538456,-7.532004842002186,-2.9283680625777038,6.513681987348489,0.0186355225743928,-3.4517856889109435,6.659104573104346,4.105319692998771,-2.2442986148399022,12.102260254853611,9.248693179747207,8.768520913594461,0.6011719346935438,-1.2276860014092712]}