{"x":[10,10.898414799852864,11.877544514965196,12.94464069278079,14.10760637049798,15.375054605873373,16.756372266519634,18.261789550128174,19.90245575049152,21.690521830457364,23.639230413358806,25.76301385940817,28.077601153418847,30.60013439547858,33.349295757317044,36.345445844621445,39.61077449002731,43.1694650935748,47.04787372775472,51.27472433361708,55.88132145358682,60.9017820765106,66.37328831200574,72.33636276544641,78.83516865304672,85.91783687972607,93.63682250213513,102.04929321684646,111.21755275090047,121.2095022903831,132.09914336443103,143.96712590907995,156.90134556997987,170.9975946676698,186.36027164653729,203.10315426172212,221.35024223027528,241.236675587345,262.9097355488424,286.5299352930905,312.2722087399103,340.32720613137826,370.9027060094788,404.2251540479182,440.5413401348638,480.12022612728117,523.2549378134262,570.2649358361938,621.4983816554321,677.3347160718163,738.1874694091216,804.5073241674309,876.7854528296359,955.5571555414195,1041.4058246057918,1134.9672651536732,1236.934403989933,1348.0624214891059,1469.174344548237,1601.167142018863,1745.0183677616499,1901.7934005228644,2072.65333425209,2258.8635772977354,2461.803224167024,2682.975269258741,2924.017738212867,3186.715819317142,3473.0150848171174,3785.035900048314,4125.089127106094,4495.69323935652,4899.592973540155,5339.779657608516,5819.5133648433875,6342.347058335075,6912.152904636223,7533.150951473342,8209.940381906272,8947.533576407703,9751.39323513021,10627.472835292834,11582.260723318965,12622.828168277389,13756.881732515385,14992.820347347111,16339.797516506316,17807.789108049143,19407.667236782174,21151.280784396626,23051.54315365116,25122.527906519863,27379.572994613256,29839.394353814478,32520.20970442582,35441.873473703294,38626.02384003212,42096.242987767546,45878.23175960879,49999.99999999999],"y":[-25.067683170394638,-24.32127486218465,-23.57502771256035,-22.82897197510335,-22.083143589093872,-21.337585235423013,-20.59234761646236,-19.847490934510013,-19.103086713181266,-18.35921988662365,-17.615991339811362,-16.873520889995923,-16.13195083338717,-15.391450172594379,-14.652219634321037,-13.914497595017139,-13.178567112090864,-12.444764385693158,-11.713488580099519,-10.985213717234227,-10.260502631352617,-9.540023465360028,-8.824569446041796,-8.115082080066887,-7.412678507125681,-6.718684136533337,-6.034670999739131,-5.362502260846328,-4.704385420353507,-4.062932963862853,-3.441232801378673,-2.8429288734039275,-2.272309548851668,-1.734402784032849,-1.2350708329601523,-0.7810917081411722,-0.3802011687172663,-0.041042045955662895,0.2270646772603378,0.41469629110410633,0.5135421165179576,0.5186899378580139,0.43261031479583256,0.271162126735764,0.0703936822945479,-0.11150414789359483,-0.20840607449273163,-0.1827413830511941,-0.06215363425383964,0.06585896145276372,0.10964177030257093,0.04355953384556386,-0.05461553947559852,-0.06547319782855704,0.0124624022693407,0.04242735849948818,-0.019478339670193544,-0.030265123199994522,0.022066408155619235,-0.008566414460172736,-0.01432656090605985,0.010986709846853838,-0.017915057065646715,0.008035116254041743,-0.012996763637143235,0.0006331322616953771,-0.0015377585714139027,-0.01000357308654615,-0.004440881945617488,-0.000013343864632746779,-0.0009939775958714271,-0.0005226326827386188,-0.001825275779680034,-0.004865099734875729,-0.005260606714009883,-0.0023060426524720507,-0.0047052867759131865,-0.003071241666060595,-0.0021952588440403847,-0.0030263148450955964,-0.005360211121208298,-0.005945134001897931,-0.0011092333381202222,-0.006596412421103957,-0.010664184520756318,0.023455961158821963,-0.9097731757515626,-0.29856380722910814,-1.2598027182509106,0.8844713153027308,-1.500870660015904,0.5932952344887964,1.401269479865515,1.4699208139249458,1.5401406093961527,-1.1299182908728707,-2.1116119009358876,0.5713955200800199,0.28202296266746396,-0.2895387849362536]}