{"x":[10,10.898414799852864,11.877544514965196,12.94464069278079,14.10760637049798,15.375054605873373,16.756372266519634,18.261789550128174,19.90245575049152,21.690521830457364,23.639230413358806,25.76301385940817,28.077601153418847,30.60013439547858,33.349295757317044,36.345445844621445,39.61077449002731,43.1694650935748,47.04787372775472,51.27472433361708,55.88132145358682,60.9017820765106,66.37328831200574,72.33636276544641,78.83516865304672,85.91783687972607,93.63682250213513,102.04929321684646,111.21755275090047,121.2095022903831,132.09914336443103,143.96712590907995,156.90134556997987,170.9975946676698,186.36027164653729,203.10315426172212,221.35024223027528,241.236675587345,262.9097355488424,286.5299352930905,312.2722087399103,340.32720613137826,370.9027060094788,404.2251540479182,440.5413401348638,480.12022612728117,523.2549378134262,570.2649358361938,621.4983816554321,677.3347160718163,738.1874694091216,804.5073241674309,876.7854528296359,955.5571555414195,1041.4058246057918,1134.9672651536732,1236.934403989933,1348.0624214891059,1469.174344548237,1601.167142018863,1745.0183677616499,1901.7934005228644,2072.65333425209,2258.8635772977354,2461.803224167024,2682.975269258741,2924.017738212867,3186.715819317142,3473.0150848171174,3785.035900048314,4125.089127106094,4495.69323935652,4899.592973540155,5339.779657608516,5819.5133648433875,6342.347058335075,6912.152904636223,7533.150951473342,8209.940381906272,8947.533576407703,9751.39323513021,10627.472835292834,11582.260723318965,12622.828168277389,13756.881732515385,14992.820347347111,16339.797516506316,17807.789108049143,19407.667236782174,21151.280784396626,23051.54315365116,25122.527906519863,27379.572994613256,29839.394353814478,32520.20970442582,35441.873473703294,38626.02384003212,42096.242987767546,45878.23175960879,49999.99999999999],"y":[-25.067689766605774,-24.321281447205976,-23.575034284027588,-22.828978528407934,-22.083150125325552,-21.33759174937492,-20.59235410351117,-19.847497389576766,-19.103093130279586,-18.35922625856178,-17.61599765989797,-16.87352714474144,-16.131957013963923,-15.391456264548701,-14.65222562089862,-13.914503456828646,-13.178572827403974,-12.444769927948663,-11.713493916759152,-10.98521881197749,-10.26050743971709,-9.540027940262439,-8.824573528131651,-8.11508570451928,-7.412681594954805,-6.7186866027377015,-6.03467274778279,-5.362503183987883,-4.704385402898889,-4.062931884313345,-3.441230538256791,-2.8429253188818815,-2.272304616513638,-1.7343964337180107,-1.2350631047386438,-0.7810827767458708,-0.38019139997676393,-0.04103209749183409,0.22707374892413354,0.4147029082498568,0.5135440852772556,0.518684560548203,0.4325948902630906,0.2711351797611962,0.07035751062382084,-0.11154066122044712,-0.2084277922001396,-0.18273502643394007,-0.06212084401680672,0.06589552957266068,0.10965046194826258,0.043530667101778574,-0.05463922269926799,-0.0654344354824845,0.012515122881098862,0.042364528309951244,-0.019581919283960494,-0.030134019085545305,0.02219559596718572,-0.00877778159805644,-0.01417788074955467,0.011265330010780235,-0.017742648521689303,0.008288598538521449,-0.013087206884262282,-0.0007557801120794887,-0.0009915953913924127,-0.0097188847597649,-0.005478830495712329,-0.0002550038620771721,0.00150184350186722,-0.0003319175589231915,0.001886415964982613,-0.0013640781748993117,-0.008009506975046644,-0.005209698069766222,-0.002316524676102987,-0.002138665301906783,-0.013888101164331014,-0.00205496922517125,0.0028168661817506114,-0.014789287503576772,-0.01577765438866908,0.004164957179362518,0.04840189487784946,0.08606380026688179,-0.8382353804890975,-0.36905455481982885,-1.2071326723984916,0.980190294774224,-1.5794373162668165,0.9175370539449101,1.4173128263726253,1.7695727931803469,1.2024682648761627,-1.662052406319239,-3.004217260617568,1.5480090267190376,1.9493027347482061,-0.6524007960856759]}